{"data":{"Year":[1980,1981,1982,1983,1984,1985,1986,1987,1988,1989,1990,1991,1992,1993,1994,1995,1996,1997,1998,1999,2000,2001,2002,2003,2004,2005,2006,2007,2008,2009,2010,2011,2012,2013,2014,2015,2016,2017,2018,2019],"Value":[48.33606612,48.16162563,48.12639725,43.59690426,42.87965163,46.06868259,46.05313276,52.24384526,52.6073721,48.11834608,47.29801005,50.34122792,51.01079102,49.22296505,48.12615269,48.75305347,50.26628206,48.39265048,49.9794905,52.14482006,52.95890731,51.91696055,52.02445336,53.78973643,53.0819879,54.70595163,56.13748623,56.19344101,51.15362871,45.20210694,46.33008542,48.3201501,49.05886842,49.93298206,50.21577953,50.44559718,51.98870029,54.51019946,55.94572648,54.58158827]},"edges":[]}