{"data":{"Year":[2010,2010,2011,2011,2012,2012,2013,2013,2014,2014,2015,2015,2016,2016,2017,2017,2018,2018],"Group":["PM2.5","PM10","PM2.5","PM10","PM2.5","PM10","PM2.5","PM10","PM2.5","PM10","PM2.5","PM10","PM2.5","PM10","PM2.5","PM10","PM2.5","PM10"],"Value":[15.69571139,17.95642801,7.928147614,14.39522435,8.33789592,11.62165175,9.641082367,13.96943627,9.755118731,13.78943823,7.07512193,12.87464849,8.76227006,11.84565157,8.101734978,14.83476719,6.074876943,13.55822009]},"edges":[]}