{"data":{"Year":[2000,2006,2012,2018],"Value":[7.967725668,6.785270997,7.237687366,6.845238095]},"edges":[]}