{"data":{"Year":[2012,2013,2014,2015,2016,2017,2018],"Value":[5.44051,6.69781,5.98833,4.8845,4.55872,4.77334,3.83432]},"edges":[]}