{"data":{"Year":[1996,1997,1998,1999,2000,2001,2002,2003,2004,2005,2006,2007,2008,2009,2010,2011,2012,2013,2014,2015,2016,2017,1996,1997,1998,1999,2000,2001,2002,2003,2004,2005,2006,2007,2008,2009,2010,2011,2012,2013,2014,2015,2016,2017,1996,1997,1998,1999,2000,2001,2002,2003,2004,2005,2006,2007,2008,2009,2010,2011,2012,2013,2014,2015,2016,2017],"Gender":[null,null,null,null,null,null,null,null,null,null,null,null,null,null,null,null,null,null,null,null,null,null,"Male","Male","Male","Male","Male","Male","Male","Male","Male","Male","Male","Male","Male","Male","Male","Male","Male","Male","Male","Male","Male","Male","Female","Female","Female","Female","Female","Female","Female","Female","Female","Female","Female","Female","Female","Female","Female","Female","Female","Female","Female","Female","Female","Female"],"Value":[0.373192814,1.111629872,0.0,0.725394615,2.150160008,0.705813432,1.744743959,0.0,1.376604605,1.021878417,0.333454488,0.650042903,0.316998405,0.313118409,0.629663445,0.942057202,0.312915591,0.93209096,0.30705835,0.911577028,0.300725651,0.88665845,0.744546199,2.218393439,0.0,0.724186377,2.86399599,1.409741312,2.788428024,0.0,0.687753179,2.038458925,0.661366913,1.277334968,0.0,0.617024952,1.2505002,1.249953127,0.0,1.238865695,0.0,1.816134539,0.0,0.584682488,0.0,0.0,0.0,0.726606891,1.434884922,0.0,0.698689956,0.0,2.06655691,0.0,0.0,0.0,0.646985372,0.0,0.0,0.631129849,0.628097305,0.623367556,0.615941806,0.0,0.605110766,1.195342944]},"edges":[]}