{"data":{"Year":[2020,2020,2020,2020,2020,2020],"Age":[16,16,15,15,14,14],"Gender":["Male","Female","Male","Female","Male","Female"],"Value":[3.654883164,5.454545455,4.632310365,5.103857567,3.440860215,3.99113082]},"edges":{"From":["Age"],"To":["Gender"]}}