{"data":{"Year":[2000,2000,2000,2000,2000,2005,2005,2005,2005,2005,2005,2010,2010,2010,2010,2010,2015,2015,2015,2015,2015,2016,2016,2016,2016,2016,2017,2017,2017,2017,2017,2018,2018],"Organization":["WTO","IBRD","UNGA","IMF","IFC","IFC","IMF","IBRD","ECOSOC","UNGA","WTO","IMF","IFC","UNGA","WTO","IBRD","IBRD","IFC","IMF","UNGA","WTO","UNGA","IBRD","IFC","WTO","IMF","IBRD","WTO","UNGA","IFC","IMF","WTO","IFC"],"Value":[0.71429,0.54945,0.5291,0.5618,0.57471,0.5618,0.55249,0.54348,1.85,0.52356,0.67114,0.54945,0.54945,0.52083,0.65359,0.53476,0.53191,0.54348,0.53191,0.51813,0.625,0.51813,0.53191,0.54348,0.61728,0.53191,0.5291,0.60976,0.51813,0.54348,0.5291,0.60976,0.54348]},"edges":[]}