{"data":{"Year":[1998,1999,2000,2001,2002,2003,2004,2005,2006,2007,2008,2009,2010,2011,2012,2013,2014,2015,2016,2017,2018],"Value":[82.81542066,86.93826921,87.79910742,82.33812484,79.05642639,79.71239046,85.25455618,95.42335561,98.69124952,95.24157694,63.46843603,65.94708333,67.75611312,75.37686115,77.60499189,81.41090629,85.22620201,85.55260313,114.1511825,87.42822118,87.89234326]},"edges":[]}