{"data":{"Year":[2018,2017,2016,2015,2014,2013,2012,2018,2017,2016,2015,2014,2013,2012,2018,2017,2016,2015,2014,2013,2012],"Connection type":["256 kbit/s to less than 2 Mbit/s","256 kbit/s to less than 2 Mbit/s","256 kbit/s to less than 2 Mbit/s","256 kbit/s to less than 2 Mbit/s","266 kbit/s to less than 2 Mbit/s","266 kbit/s to less than 2 Mbit/s","266 kbit/s to less than 2 Mbit/s","2 Mbit/s to less than 10 Mbit/s","2 Mbit/s to less than 10 Mbit/s","2 Mbit/s to less than 10 Mbit/s","2 Mbit/s to less than 10 Mbit/s","2 Mbit/s to less than 10 Mbit/s","2 Mbit/s to less than 10 Mbit/s","2 Mbit/s to less than 10 Mbit/s","Equal to or above 10 Mbit/s","Equal to or above 10 Mbit/s","Equal to or above 10 Mbit/s","Equal to or above 10 Mbit/s","Equal to or above 10 Mbit/s","Equal to or above 10 Mbit/s","Equal to or above 10 Mbit/s"],"Value":[0.0456,0.0641,0.1245,0.0732,0.1907,0.3679,0.761,0.076912039,0.148071961,0.264337847,0.312367062,0.992719647,0.694407765,0.880231558,39.06701105,39.26596502,38.11096175,37.42540261,35.55520756,35.43436992,33.84964406]},"edges":[]}