{"data":{"Year":[2000,2001,2002,2003,2004,2005,2006,2007,2008,2009,2010,2011,2012,2013,2014,2015,2016,2017],"Value":[17.91800006,12.70464178,9.770566169,9.013037706,12.04529029,11.24066259,10.67054363,12.0257937,12.04593941,11.27226272,14.48225923,8.478514815,11.57787687,15.22415234,13.51056741,12.45821939,12.02902604,10.04879577]},"edges":[]}