{"data":{"Year":[1996,1997,1998,1999,2000,2001,2002,2003,2004,2005,2006,2007,2008,2009,2010,2011,2012,2013,2014,2015,2016,2017],"Value":[0.746385628,0.370543291,0.734265606,1.088091922,0.716720003,0.352906716,0.348948792,0.693310593,1.032453454,0.681252278,1.000363465,0.975064354,2.535987244,0.626236818,0.314831722,1.884114403,1.877493546,1.864181919,2.456466802,2.430872075,2.405805208,2.659975351]},"edges":[]}