{"data":{"Year":[1996,1997,1998,1999,2000,2001,2002,2003,2004,2005,2006,2007,2008,2009,2010,2011,2012,2013,2014,2015,2016,2017],"Value":[0.373192814,0.0,2.569929621,0.0,0.716720003,2.117440297,0.348948792,0.693310593,0.0,0.681252278,0.333454488,0.0,0.950995216,0.626236818,0.629663445,1.884114403,1.564577955,0.93209096,0.921175051,0.607718019,0.0,1.477764084]},"edges":[]}