{"data":{"Year":[2011,2012,2014,2016,2017,2018,2019,2011,2011,2011,2011,2011,2011,2011,2011,2011,2011,2011,2011,2012,2012,2012,2012,2012,2012,2012,2012,2012,2012,2012,2012,2012,2014,2014,2014,2014,2014,2014,2014,2014,2014,2014,2014,2014,2014,2016,2016,2016,2016,2016,2016,2016,2016,2016,2016,2016,2016,2016,2017,2017,2017,2017,2017,2017,2017,2017,2017,2017,2017,2017,2017,2018,2018,2018,2018,2018,2018,2018,2018,2018,2018,2018,2018,2018,2019,2019,2019,2019,2019,2019,2019,2019,2019,2019,2019,2019,2019],"Capacity":[null,null,null,null,null,null,null,"Food safety","Coordination","Zoonosis","Response","Risk communication","Points of entry","Legislation","Radionuclear","Surveillance","Laboratory","Chemical","Preparedness","Food safety","Human resources","Coordination","Zoonosis","Response","Risk communication","Points of entry","Legislation","Radionuclear","Surveillance","Laboratory","Chemical","Preparedness","Food safety","Human resources","Coordination","Zoonosis","Response","Risk communication","Points of entry","Legislation","Radionuclear","Surveillance","Laboratory","Chemical","Preparedness","Food safety","Human resources","Coordination","Zoonosis","Response","Risk communication","Points of entry","Legislation","Radionuclear","Surveillance","Laboratory","Chemical","Preparedness","Food safety","Human resources","Coordination","Zoonosis","Response","Risk communication","Points of entry","Legislation","Radionuclear","Surveillance","Laboratory","Chemical","Preparedness","Legislation","Coordination","Zoonosis","Food safety","Laboratory","Surveillance","Human resources","Risk communication","Points of entry","Chemical","Radionuclear","National Health Emergency Framework","Health Service Provision","Legislation","Coordination","Zoonosis","Food safety","Laboratory","Surveillance","Human resources","Risk communication","Points of entry","Chemical","Radionuclear","National Health Emergency Framework","Health Service Provision"],"Value":[66.0,79.46153846,83.76923077,72.23076923,72.23076923,83.61538462,82.84615385,100.0,80.0,100.0,71.0,14.0,54.0,50.0,83.0,45.0,60.0,58.0,77.0,100.0,20.0,100.0,100.0,83.0,71.0,74.0,100.0,79.0,75.0,77.0,54.0,100.0,100.0,60.0,83.0,100.0,89.0,71.0,94.0,100.0,77.0,85.0,86.0,54.0,90.0,80.0,60.0,80.0,78.0,71.0,86.0,66.0,100.0,46.0,65.0,53.0,54.0,100.0,80.0,60.0,80.0,78.0,71.0,86.0,66.0,100.0,46.0,65.0,53.0,54.0,100.0,87.0,100.0,80.0,80.0,87.0,80.0,60.0,100.0,80.0,60.0,80.0,100.0,93.0,87.0,100.0,80.0,80.0,93.0,80.0,60.0,100.0,90.0,60.0,80.0,87.0,80.0]},"edges":[]}