{"data":{"Year":[1998,1999,2000,2001,2002,2003,2004,2005,2006,2007,2008,2009,2010,2011,2012,2013,2014,2015,2016,2017,2018,1998,1999,2000,2001,2002,2003,2004,2005,2006,2007,2008,2009,2010,2011,2012,2013,2014,2015,2016,2017,2018,1998,1999,2000,2001,2002,2003,2004,2005,2006,2007,2008,2009,2010,2011,2012,2013,2014,2015,2016,2017,2018],"Gender":[null,null,null,null,null,null,null,null,null,null,null,null,null,null,null,null,null,null,null,null,null,"Male","Male","Male","Male","Male","Male","Male","Male","Male","Male","Male","Male","Male","Male","Male","Male","Male","Male","Male","Male","Male","Female","Female","Female","Female","Female","Female","Female","Female","Female","Female","Female","Female","Female","Female","Female","Female","Female","Female","Female","Female","Female"],"Value":[0.911578026,0.9252693,0.944765426,0.933197464,0.952662722,0.954641598,0.960643149,0.963741339,0.945410628,0.964857004,0.945147679,0.951469583,0.958323739,0.981460547,0.993146142,0.965086754,0.976410256,0.974036678,0.977723864,0.973460953,0.967032967,0.932255245,0.911546841,0.956834532,0.927721463,0.951635191,0.959558824,0.965700483,0.971689498,0.948802255,0.96414914,0.944033302,0.96122633,0.965470852,0.985462555,0.993617021,0.96592775,0.978511739,0.975050302,0.972961373,0.97228145,0.968607825,0.890837352,0.939842665,0.932001902,0.93898463,0.953748783,0.949494949,0.95565093,0.955607477,0.94181999,0.965585054,0.946292776,0.941501612,0.95078088,0.977241059,0.992636908,0.96419214,0.974174428,0.972972973,0.982758621,0.974689165,0.96550199]},"edges":[]}