{"data":{"Year":[2015,2016,2017,2018],"Value":[5.0678733,5.2023121,4.8,6.1041293]},"edges":[]}