{"data":{"Year":[2015,2016,2017,2018,2015,2016,2017,2018,2015,2016,2017,2018,2015,2016,2017,2018,2015,2016,2017,2018,2015,2016,2017,2018,2015,2016,2017,2018,2015,2016,2017,2018,2015,2016,2017,2018,2015,2016,2017,2018,2015,2016,2017,2018,2015,2016,2017,2018,2015,2016,2017,2018,2015,2016,2017,2018,2015,2016,2017,2018,2015,2016,2017,2018],"Age group":[null,null,null,null,"18-25","18-25","18-25","18-25","26-35","26-35","26-35","26-35","36-45","36-45","36-45","36-45","46-55","46-55","46-55","46-55","56-65","56-65","56-65","56-65","66-75","66-75","66-75","66-75","76+","76+","76+","76+",null,null,null,null,"18-25","18-25","18-25","18-25","26-35","26-35","26-35","26-35","36-45","36-45","36-45","36-45","46-55","46-55","46-55","46-55","56-65","56-65","56-65","56-65","66-75","66-75","66-75","66-75","76+","76+","76+","76+"],"Type of violence":["Physical violence","Physical violence","Physical violence","Physical violence","Physical violence","Physical violence","Physical violence","Physical violence","Physical violence","Physical violence","Physical violence","Physical violence","Physical violence","Physical violence","Physical violence","Physical violence","Physical violence","Physical violence","Physical violence","Physical violence","Physical violence","Physical violence","Physical violence","Physical violence","Physical violence","Physical violence","Physical violence","Physical violence","Physical violence","Physical violence","Physical violence","Physical violence","Sexual violence","Sexual violence","Sexual violence","Sexual violence","Sexual violence","Sexual violence","Sexual violence","Sexual violence","Sexual violence","Sexual violence","Sexual violence","Sexual violence","Sexual violence","Sexual violence","Sexual violence","Sexual violence","Sexual violence","Sexual violence","Sexual violence","Sexual violence","Sexual violence","Sexual violence","Sexual violence","Sexual violence","Sexual violence","Sexual violence","Sexual violence","Sexual violence","Sexual violence","Sexual violence","Sexual violence","Sexual violence"],"Value":[0.740131579,1.3136289,0.909090909,0.919377652,0.0,1.875,2.197802198,0.613496933,2.702702703,1.98019802,1.298701299,2.212389381,0.492610837,1.93236715,1.52284264,2.33463035,0.0,1.376146789,0.502512563,0.314465409,0.529100529,1.015228426,0.0,0.0,0.0,0.0,0.0,0.0,0.0,0.0,0.0,0.0,1.069958848,0.903119869,0.578512397,0.707213579,0.900900901,5.0,0.0,1.226993865,3.100775194,0.495049505,1.731601732,1.327433628,0.985221675,0.480769231,0.507614213,1.556420233,0.0,0.0,1.005025126,0.314465409,0.529100529,0.507614213,0.0,0.0,0.0,0.0,0.0,0.0,0.0,0.0,0.0,0.0]},"edges":{"From":["Type of violence"],"To":["Age group"]}}