{"data":{"Year":[2013,2014,2015,2016,2017,2018],"Value":[0.016773163,0.029411765,0.035,0.026720648,0.043189369,0.041237113]},"edges":[]}