{"data":{"Year":[2000,2001,2002,2003,2004,2005,2006,2007,2008,2009,2010,2011,2012,2013,2014,2015,2016,2017],"Value":[0.097058824,0.097058824,0.097058824,0.097058824,0.097058824,0.097058824,0.097058824,0.097058824,0.097058824,0.097058824,0.097058824,0.097058824,0.210058824,0.210058824,0.210058824,0.182352941,0.152941176,0.152941176]},"edges":[]}