{"data":{"Year":[2006,2007,2008,2009,2010,2011,2012,2013,2014,2015,2016,2017,2018],"Value":[0.004858824,0.044280828,0.019336521,0.016910647,-0.018196053,0.010588952,-0.004547809,0.016646885,-0.002589976,0.016620031,0.018045264,-0.001645704,0.017512831]},"edges":[]}