Year,Value
1996,0.373192814
1997,1.111629872
1998,0.0
1999,0.725394615
2000,2.1501600080000003
2001,0.705813432
2002,1.744743959
2003,0.0
2004,1.376604605
2005,1.021878417
2006,0.333454488
2007,0.650042903
2008,0.316998405
2009,0.313118409
2010,0.629663445
2011,0.942057202
2012,0.312915591
2013,0.93209096
2014,0.30705835
2015,0.911577028
2016,0.30072565100000004
2017,0.88665845
