Year,Value
2018,8.1950205
2020,4.379597931
