Year,Value
1996,0.746385628
1997,0.370543291
1998,0.7342656059999999
1999,1.088091922
2000,0.7167200029999999
2001,0.352906716
2002,0.348948792
2003,0.693310593
2004,1.032453454
2005,0.681252278
2006,1.000363465
2007,0.975064354
2008,2.535987244
2009,0.626236818
2010,0.314831722
2011,1.884114403
2012,1.877493546
2013,1.864181919
2014,2.456466802
2015,2.430872075
2016,2.4058052080000003
2017,2.659975351
