Year,Value
2011,66.0
2012,79.46153846
2014,83.76923077
2016,72.23076923
2017,72.23076923
2018,83.61538462
2019,82.84615385
