{"Year":[2011,2012,2013,2014,2015,2016,2017,2018],"Value":[0.03753,0.0466,0.06085,0.05516,0.06034,0.05369,0.04471,0.04588]}