{"Year":[1998,1999,2000,2001,2002,2003,2004,2005,2006,2007,2008,2009,2010,2011,2012,2013,2014,2015,2016,2017,2018,2010,2011,2012,2013,2014,2015,2016,2017,2018],"Unit":["Percentage of GDP","Percentage of GDP","Percentage of GDP","Percentage of GDP","Percentage of GDP","Percentage of GDP","Percentage of GDP","Percentage of GDP","Percentage of GDP","Percentage of GDP","Percentage of GDP","Percentage of GDP","Percentage of GDP","Percentage of GDP","Percentage of GDP","Percentage of GDP","Percentage of GDP","Percentage of GDP","Percentage of GDP","Percentage of GDP","Percentage of GDP","Percentage of fuel imports","Percentage of fuel imports","Percentage of fuel imports","Percentage of fuel imports","Percentage of fuel imports","Percentage of fuel imports","Percentage of fuel imports","Percentage of fuel imports","Percentage of fuel imports"],"Value":[0.092944235,0.084010823,0.065255782,0.063897604,0.063441648,0.052195107,0.042993147,0.038191224,0.030424218,0.027101726,0.02400413,0.021687616,0.020744668,0.017722074,0.018417476,0.018428136,0.016290824,0.016172991,0.014524661,0.01467336,0.014612257,0.556279628,0.383911933,0.378519467,0.309487905,0.314027783,0.424279782,0.493931658,0.464194509,0.33563656]}