{"Year":[1990,1990,1990,2000,2000,2000,2010,2010,2010,2015,2015,2015,2016,2016,2016,2017,2017,2017,2018,2018,2018,2019,2019,2019],"Type":["Forest > 5m","Forest < 5m","Total Forest cover","Forest > 5m","Forest < 5m","Total Forest cover","Forest > 5m","Forest < 5m","Total Forest cover","Forest > 5m","Forest < 5m","Total Forest cover","Forest > 5m","Forest < 5m","Total Forest cover","Forest > 5m","Forest < 5m","Total Forest cover","Forest > 5m","Forest < 5m","Total Forest cover","Forest > 5m","Forest < 5m","Total Forest cover"],"Value":[0.170282062,1.276682775,1.446964837,0.297534391,1.340998732,1.638533123,0.445546734,1.418662195,1.864208928,0.480420346,1.455784517,1.936204863,0.485394114,1.460975396,1.94636951,0.492542703,1.469902467,1.96244517,0.499103501,1.477149306,1.976252807,0.505664299,1.484396146,1.990060445]}