Year,Value
2012,5.44051
2013,6.6978100000000005
2014,5.98833
2015,4.8845
2016,4.55872
2017,4.77334
2018,3.8343199999999995
