{"Year":[2018,2018,2018,2018,2018,2018,2018,2018,2018,2018,2018,2018,2018,2018,2018,2018,2018,2018,2018,2018,2020,2020,2020,2020,2020,2020,2020,2020,2020,2020,2020,2020],"Gender":["Male","Male","Male","Male","Male","Male","Male","Male","Male","Male","Female","Female","Female","Female","Female","Female","Female","Female","Female","Female","Male","Male","Male","Male","Male","Male","Female","Female","Female","Female","Female","Female"],"Age":["'20'","'19'","'18'","'17'","'16'","'20'","'19'","'18'","'17'","'16'","'20'","'19'","'18'","'17'","'16'","'20'","'19'","'18'","'17'","'16'","'16'","'15'","'14'","'16'","'15'","'14'","'16'","'15'","'14'","'16'","'15'","'14'"],"Perpetrator":["Adult","Adult","Adult","Adult","Adult","Same age","Same age","Same age","Same age","Same age","Adult","Adult","Adult","Adult","Adult","Same age","Same age","Same age","Same age","Same age","Adult","Adult","Adult","Same age","Same age","Same age","Adult","Adult","Adult","Same age","Same age","Same age"],"Value":[5.963302752,3.816793893,2.838221381,2.96,4.160887656,7.339449541,4.580152672,4.824976348,4.08,4.993065187,20.80536913,15.61181435,8.868999186,5.796038151,5.422853454,22.81879195,17.72151899,13.91375102,14.74688188,12.97611362,2.398081535,1.742160279,1.398601399,2.637889688,2.729384437,2.097902098,4.918032787,4.575163399,3.551609323,10.18799272,9.602845287,5.155210643]}