{"Year":[2020,2020,2020,2020,2020,2020,2018,2018,2018,2018,2018,2018,2018,2018,2018,2018,2018,2018],"Gender":["Male","Female","Male","Female","Male","Female","Male","Female","Male","Female","Male","Female","Male","Female","Male","Female","Male","Female"],"Age":["'16'","'16'","'15'","'15'","'14'","'14'","'20'","'20'","'19'","'19'","'18'","'18'","'17'","'17'","'16'","'16'","'15'","'15'"],"Value":[3.654883164,5.454545455,4.632310365,5.103857567,3.440860215,3.99113082,8.256880734,16.10738255,6.870229008,10.54852321,6.05487228,5.126118796,5.92,6.382978723,6.310679612,5.810200129,6.666666667,14.28571429]}