Year,Age,Gender,Value
2020,16,Male,3.6548831639999997
2020,16,Female,5.454545455
2020,15,Male,4.632310365
2020,15,Female,5.1038575669999995
2020,14,Male,3.440860215
2020,14,Female,3.99113082
