{"Year":[2010,2011,2012,2013,2014,2015,2016,2017,2018,2010,2011,2012,2013,2014,2015,2016,2017,2018],"Group":["Least developed","Least developed","Least developed","Least developed","Least developed","Least developed","Least developed","Least developed","Least developed","Developing","Developing","Developing","Developing","Developing","Developing","Developing","Developing","Developing"],"Value":[0.1111,0.1232,0.4847,0.1606,0.1812,0.2016,0.2298,0.2495,0.2708,22.54274698,19.76351824,21.8056668,20.89073088,19.91253328,22.03557499,17.49332859,19.29174603,19.38138092]}