{"Year":[2010,2011,2012,2013,2014,2015,2016,2017,2018,2010,2011,2012,2013,2014,2015,2016,2017,2018],"Development status":["Least developed","Least developed","Least developed","Least developed","Least developed","Least developed","Least developed","Least developed","Least developed","Developing","Developing","Developing","Developing","Developing","Developing","Developing","Developing","Developing"],"Value":[22.54274698,19.76351824,21.8056668,20.89073088,19.91253328,22.03557499,17.49332859,19.29174603,19.38138092,0.111080634,0.123196149,0.484662647,0.160572491,0.181221405,0.201561308,0.229756106,0.249475258,0.270770159]}