{"Year":[1976,1977,1978,1979,1980,1981,1982,1983,1984,1985,1986,1987,1988,1989,1990,1991,1992,1993,1994,1995,1996,1997,1998,1999,2000,2001,2002,2003,2004,2005,2006,2007,2008,2009,2010,2011,2012,2013,2014,2015,2016,2017,2018],"Value":[0.083732163,0.076859471,0.071553454,0.059487897,0.044293493,0.088615799,0.037366339,0.083029254,0.237037289,0.170652012,0.19020829,0.265889317,0.366263529,0.531587571,0.961020864,0.9438918,0.899982761,0.929158527,0.74240002,0.507930859,0.447628868,0.540097968,0.340603355,0.346922038,0.397108393,0.479517077,0.696859889,0.429128321,0.440661136,0.391057513,0.466190865,0.511197922,0.670461702,0.713898312,0.989908021,0.994865425,1.038185265,1.263898956,1.196146374,1.228648544,0.982483191,0.764062746,0.652615771]}