{"Year":[2001,2002,2003,2004,2005,2006,2007,2008,2009,2010,2011,2012,2013,2014,2015,2016],"Value":[0.628658103,0.605942664,0.700889093,0.769692413,0.820962752,0.792588461,0.829894318,0.515927917,0.523787317,0.451847994,0.465998097,0.486652369,0.49227752,0.512328719,0.496803882,0.483073089]}