{"Year":[1983,1983,1983,1984,1984,1984,1985,1985,1985,1986,1986,1986,1987,1987,1987,1988,1988,1988,1989,1989,1989,1990,1990,1990,1991,1991,1991,1992,1992,1992,1993,1993,1993,1994,1994,1994,1995,1995,1995,1996,1996,1996,1997,1997,1997,1998,1998,1998,1999,1999,1999,2000,2000,2000,2001,2001,2001,2002,2002,2002,2003,2003,2003,2004,2004,2004,2005,2005,2005,2006,2006,2006,2007,2007,2007,2008,2008,2008,2009,2009,2009,2010,2010,2010,2011,2011,2011,2012,2012,2012,2013,2013,2013,2014,2014,2014,2015,2015,2015,2016,2016,2016,2017,2017,2017,2018,2018,2018],"Group":[null,"Males","Females",null,"Males","Females",null,"Males","Females",null,"Males","Females",null,"Males","Females",null,"Males","Females",null,"Males","Females",null,"Males","Females",null,"Males","Females",null,"Males","Females",null,"Males","Females",null,"Males","Females",null,"Males","Females",null,"Males","Females",null,"Males","Females",null,"Males","Females",null,"Males","Females",null,"Males","Females",null,"Males","Females",null,"Males","Females",null,"Males","Females",null,"Males","Females",null,"Males","Females",null,"Males","Females",null,"Males","Females",null,"Males","Females",null,"Males","Females",null,"Males","Females",null,"Males","Females",null,"Males","Females",null,"Males","Females",null,"Males","Females",null,"Males","Females",null,"Males","Females",null,"Males","Females",null,"Males","Females"],"Value":[0.004245617,0.008425665,0.0,0.0,0.0,0.0,0.066498757,0.123929046,0.008363372,0.053673984,0.090370602,0.01659999,0.020478626,0.032611531,0.008230385,0.05251231,0.080411708,0.024350452,0.023817179,0.039506017,0.007977281,0.019701716,0.039236612,0.0,0.039082957,0.062294137,0.01569329,0.042352162,0.0767772,0.0077232,0.011433537,0.015197568,0.007646078,0.03018139,0.045129409,0.015138556,0.026219389,0.03734381,0.015027764,0.022391569,0.029781848,0.014964683,0.033348896,0.059157158,0.007427158,0.029370624,0.036645071,0.022069047,0.043523677,0.050693046,0.036330345,0.035836,0.05011993,0.021523274,0.038819739,0.063438359,0.014135175,0.024426415,0.03485535,0.013973799,0.03466553,0.041583788,0.027742329,0.017207558,0.027510127,0.006888523,0.027250091,0.033974315,0.020490824,0.036679994,0.052909353,0.020176341,0.042252789,0.038320049,0.046328162,0.031699841,0.043506364,0.019409561,0.046967761,0.024680998,0.06993007,0.075559613,0.112545018,0.038048372,0.072224385,0.074997188,0.069424283,0.062583118,0.081065576,0.043966811,0.034176669,0.049554628,0.018701027,0.030705835,0.04898419,0.012318836,0.039501671,0.0665916,0.01220152,0.081195926,0.119567167,0.042357754,0.082754789,0.146170622,0.017930144,0.109054384,0.140765766,0.076090138]}