{"Year":[2001,2003,2003,2006,2006,2006,2009,2009,2012,2012,2015,2015,2018,2018],"Index":["Reading attainment at age 9","Reading attainment at age 15","Math attainment at age 15","Reading attainment at age 15","Math attainment at age 15","Reading attainment at age 9","Reading attainment at age 15","Math attainment at age 15","Reading attainment at age 15","Math attainment at age 15","Reading attainment at age 15","Math attainment at age 15","Reading attainment at age 15","Math attainment at age 15"],"Value":[1.05455,1.19212,1.07602,1.18022,1.03638,1.04832,1.15476,1.02189,1.20181,1.04393,1.15673,1.02099,1.173913043,1.064935065]}