{"Year":[1998,1998,1999,1999,2000,2000,2001,2001,2002,2002,2003,2003,2004,2004,2005,2005,2006,2006,2007,2007,2008,2008,2009,2009,2010,2010,2011,2011,2012,2012,2013,2013,2014,2014,2015,2015,2016,2016,2017,2017],"Group":["Compulsory school","Preschools","Compulsory school","Preschools","Compulsory school","Preschools","Compulsory school","Preschools","Compulsory school","Preschools","Compulsory school","Preschools","Compulsory school","Preschools","Compulsory school","Preschools","Compulsory school","Preschools","Compulsory school","Preschools","Compulsory school","Preschools","Compulsory school","Preschools","Compulsory school","Preschools","Compulsory school","Preschools","Compulsory school","Preschools","Compulsory school","Preschools","Compulsory school","Preschools","Compulsory school","Preschools","Compulsory school","Preschools","Compulsory school","Preschools"],"Value":[82.5,25.45852724,83.5,26.86686155,80.8,23.73954902,79.8,25.79317026,80.2,25.37853107,81.7,25.98206661,85.6,28.02466511,86.7,28.93347413,85.9,29.8084597,84.8,29.03663501,84.8,29.77729885,91.2,31.28214222,92.3,31.10422741,95.5,33.03717135,95.9,33.13338038,95.8,33.64229317,95.5,30.50340588,94.6,29.46697955,94.4,29.2703572,91.4,26.95247591]}