{"Year":[2013,2014,2015,2016,2017,2018],"Value":[1.6773163,2.9411765,3.5,2.6720648,4.3189369,4.1237113]}