{"Year":[2015,2016,2017,2018],"Value":[0.050678733,0.052023121,0.048,0.061041293]}