Year,Value
2013,1.6773163
2014,2.9411765
2015,3.5
2016,2.6720648
2017,4.318936900000001
2018,4.1237113
