Year,Value
2015,0.050678733
2016,0.052023121
2017,0.048
2018,0.061041292999999996
