Year,Value
2013,0.016773163
2014,0.029411765
2015,0.035
2016,0.026720648
2017,0.043189369000000005
2018,0.041237113
