{"Year":[2015,2016,2017,2018,2015,2016,2017,2018,2015,2016,2017,2018,2015,2016,2017,2018,2015,2016,2017,2018,2015,2016,2017,2018,2015,2016,2017,2018,2015,2016,2017,2018,2015,2016,2017,2018,2015,2016,2017,2018,2015,2016,2017,2018,2015,2016,2017,2018,2015,2016,2017,2018,2015,2016,2017,2018,2015,2016,2017,2018,2015,2016,2017,2018],"Age group":[null,null,null,null,"18-25","18-25","18-25","18-25","26-35","26-35","26-35","26-35","36-45","36-45","36-45","36-45","46-55","46-55","46-55","46-55","56-65","56-65","56-65","56-65","66-75","66-75","66-75","66-75","76+","76+","76+","76+",null,null,null,null,"18-25","18-25","18-25","18-25","26-35","26-35","26-35","26-35","36-45","36-45","36-45","36-45","46-55","46-55","46-55","46-55","56-65","56-65","56-65","56-65","66-75","66-75","66-75","66-75","76+","76+","76+","76+"],"Type of violence":["Physical violence","Physical violence","Physical violence","Physical violence","Physical violence","Physical violence","Physical violence","Physical violence","Physical violence","Physical violence","Physical violence","Physical violence","Physical violence","Physical violence","Physical violence","Physical violence","Physical violence","Physical violence","Physical violence","Physical violence","Physical violence","Physical violence","Physical violence","Physical violence","Physical violence","Physical violence","Physical violence","Physical violence","Physical violence","Physical violence","Physical violence","Physical violence","Sexual violence","Sexual violence","Sexual violence","Sexual violence","Sexual violence","Sexual violence","Sexual violence","Sexual violence","Sexual violence","Sexual violence","Sexual violence","Sexual violence","Sexual violence","Sexual violence","Sexual violence","Sexual violence","Sexual violence","Sexual violence","Sexual violence","Sexual violence","Sexual violence","Sexual violence","Sexual violence","Sexual violence","Sexual violence","Sexual violence","Sexual violence","Sexual violence","Sexual violence","Sexual violence","Sexual violence","Sexual violence"],"Value":[0.007401316,0.013136289,0.009090909,0.009193777,0.0,0.01875,0.021978022,0.006134969,0.027027027,0.01980198,0.012987013,0.022123894,0.004926108,0.019323671,0.015228426,0.023346304,0.0,0.013761468,0.005025126,0.003144654,0.005291005,0.010152284,0.0,0.0,0.0,0.0,0.0,0.0,0.0,0.0,0.0,0.0,0.010699588,0.009031199,0.005785124,0.007072136,0.009009009,0.05,0.0,0.012269939,0.031007752,0.004950495,0.017316017,0.013274336,0.009852217,0.004807692,0.005076142,0.015564202,0.0,0.0,0.010050251,0.003144654,0.005291005,0.005076142,0.0,0.0,0.0,0.0,0.0,0.0,0.0,0.0,0.0,0.0]}