{"Year":[2004,2005,2006,2007,2008,2009,2010,2011,2012,2013,2014,2015,2016,2017,2018,2004,2005,2006,2007,2008,2009,2010,2011,2012,2013,2014,2015,2016,2017,2018],"Service":["Branches of commercial banks","Branches of commercial banks","Branches of commercial banks","Branches of commercial banks","Branches of commercial banks","Branches of commercial banks","Branches of commercial banks","Branches of commercial banks","Branches of commercial banks","Branches of commercial banks","Branches of commercial banks","Branches of commercial banks","Branches of commercial banks","Branches of commercial banks","Branches of commercial banks","Number of Automated Teller Machines (ATMs)","Number of Automated Teller Machines (ATMs)","Number of Automated Teller Machines (ATMs)","Number of Automated Teller Machines (ATMs)","Number of Automated Teller Machines (ATMs)","Number of Automated Teller Machines (ATMs)","Number of Automated Teller Machines (ATMs)","Number of Automated Teller Machines (ATMs)","Number of Automated Teller Machines (ATMs)","Number of Automated Teller Machines (ATMs)","Number of Automated Teller Machines (ATMs)","Number of Automated Teller Machines (ATMs)","Number of Automated Teller Machines (ATMs)","Number of Automated Teller Machines (ATMs)","Number of Automated Teller Machines (ATMs)"],"Value":[61.25890491,58.24706976,53.01926367,51.02836787,48.18375764,41.01851156,40.6132922,36.74023087,33.48196824,30.75900167,28.55642658,26.73959283,25.86240599,25.71309506,23.24580284,82.59627628,87.54091771,84.03053109,84.50557737,80.517595,62.31056336,64.5405031,60.29166091,58.82813111,60.89660936,62.94696181,58.94864783,71.57270494,72.11488729,70.02439374]}