{"Year":[2006,2007,2008,2009,2010,2011,2012,2013,2014,2015,2016,2017,2018],"Value":[0.4858824,4.4280828,1.9336521,1.6910647,-1.8196053,1.0588952,-0.4547809,1.6646885,-0.2589976,1.6620031,1.8045264,-0.1645704,1.7512831]}