Year,Value
2006,0.48588240000000005
2007,4.4280828
2008,1.9336521
2009,1.6910647
2010,-1.8196053
2011,1.0588952
2012,-0.45478090000000004
2013,1.6646884999999998
2014,-0.2589976
2015,1.6620031000000002
2016,1.8045263999999999
2017,-0.1645704
2018,1.7512831000000002
