{"Year":[1991,1992,1993,1994,1995,1996,1997,1998,1999,2000,2001,2002,2003,2004,2005,2006,2007,2008,2009,2010,2011,2012,2013,2014,2015,2016,2017,2018],"Value":[16.21621622,15.12052593,16.03221083,16.92084241,15.79689704,15.70422535,16.54929577,15.48343475,13.95955643,13.87468031,13.20754717,13.14613912,12.84987277,13.09904153,12.43811881,10.89517079,10.25352113,10.44109436,10.71428571,10.39426523,10.93189964,11.6499113,11.42857143,11.07986502,10.28851388,10.07345226,9.690721649,9.072580645]}