{"Year":[1997,1998,1999,2000,2001,2002,2003,2004,2005,2006,2007,2008,2009,2010,2011,2012,2013,2014,2015,2016,2017,1997,1998,1999,2000,2001,2002,2003,2004,2005,2006,2007,2008,2009,2010,2011,2012,2013,2014,2015,2016,2017],"Sector":[null,null,null,null,null,null,null,null,null,null,null,null,null,null,null,null,null,null,null,null,null,"A","A","A","A","A","A","A","A","A","A","A","A","A","A","A","A","A","A","A","A","A"],"Value":[0.007904551,0.007391716,0.007300838,0.006984696,0.006431631,0.006168024,0.005971385,0.005408307,0.005329895,0.004729405,0.003984087,0.003564005,0.003731321,0.003906277,0.003484083,0.003389049,0.003035603,0.00293226,0.002796,0.002637239,0.002723725,0.031976008,0.029771423,0.028970904,0.028474345,0.023417977,0.020882401,0.022163987,0.025501587,0.025187645,0.02097585,0.020758984,0.014924401,0.012681807,0.010695616,0.010248334,0.00925651,0.009474937,0.009794991,0.008708471,0.009276474,0.011011534]}