Year,Sector,Value
1997,,0.007904551
1998,,0.0073917159999999996
1999,,0.0073008380000000005
2000,,0.0069846959999999994
2001,,0.006431631
2002,,0.006168024
2003,,0.005971385
2004,,0.005408306999999999
2005,,0.005329895
2006,,0.004729405
2007,,0.003984087
2008,,0.003564005
2009,,0.0037313209999999997
2010,,0.0039062770000000005
2011,,0.003484083
2012,,0.0033890490000000003
2013,,0.003035603
2014,,0.00293226
2015,,0.002796
2016,,0.0026372390000000004
2017,,0.002723725
