Year,Value
2000,7.967725668
2006,6.785270997
2012,7.237687366
2018,6.845238095
