Year,Value
2012,5.44051
2013,6.69781
2014,5.98833
2015,4.8845
2016,4.55872
2017,4.77334
2018,3.83432
