Year,Value
2006,0.004858824
2007,0.044280828
2008,0.019336521
2009,0.016910647
2010,-0.018196053
2011,0.010588952
2012,-0.004547809
2013,0.016646885
2014,-0.002589976
2015,0.016620031
2016,0.018045264
2017,-0.001645704
2018,0.017512831
