Year,Age,Gender,Value
2020,"16",Male,3.654883164
2020,"16",Female,5.454545455
2020,"15",Male,4.632310365
2020,"15",Female,5.103857567
2020,"14",Male,3.440860215
2020,"14",Female,3.99113082
