Year,Value
2011,0.03753
2012,0.0466
2013,0.06085
2014,0.05516
2015,0.06034
2016,0.05369
2017,0.04471
2018,0.04588
