Year,Sector,Value
1997,,0.007904551
1998,,0.007391716
1999,,0.007300838
2000,,0.006984696
2001,,0.006431631
2002,,0.006168024
2003,,0.005971385
2004,,0.005408307
2005,,0.005329895
2006,,0.004729405
2007,,0.003984087
2008,,0.003564005
2009,,0.003731321
2010,,0.003906277
2011,,0.003484083
2012,,0.003389049
2013,,0.003035603
2014,,0.00293226
2015,,0.002796
2016,,0.002637239
2017,,0.002723725
