Year,Value
2015,5.0678733
2016,5.2023121
2017,4.8
2018,6.1041293
