Year,Value
2000,0.097058824
2001,0.097058824
2002,0.097058824
2003,0.097058824
2004,0.097058824
2005,0.097058824
2006,0.097058824
2007,0.097058824
2008,0.097058824
2009,0.097058824
2010,0.097058824
2011,0.097058824
2012,0.210058824
2013,0.210058824
2014,0.210058824
2015,0.182352941
2016,0.152941176
2017,0.152941176
