Year,Value
2009,54.54545455
2010,54.54545455
2011,54.54545455
2012,54.54545455
2013,54.54545455
2014,63.63636364
2015,63.63636364
2016,63.63636364
2017,63.63636364
2018,63.63636364
