Year,Value
2000,17.91800006
2001,12.70464178
2002,9.770566169
2003,9.013037706
2004,12.04529029
2005,11.24066259
2006,10.67054363
2007,12.0257937
2008,12.04593941
2009,11.27226272
2010,14.48225923
2011,8.478514815
2012,11.57787687
2013,15.22415234
2014,13.51056741
2015,12.45821939
2016,12.02902604
2017,10.04879577
